r_f_1,r_f_2,r_f_3,r_f_4,s_f_1,s_f_2,s_f_3,s_f_4
-6.2038178242416375,-3.300281801108301,-1.7468493398180707,5.646971749824367,-6.309952741530311,-3.329712026864065,-2.1050015509044417,5.163119616683314
-6.190335458837765,-3.1844551052604806,-4.060411679348812,1.549467471979662,-6.262730243259312,-3.153640251681628,-3.685412738523098,2.0560837659571636
-5.172022329259349,-3.372933508246372,-4.690981592241147,5.012379771427227,-6.234357223068101,-3.339608035965894,-4.285428904657997,5.560272198843173
-5.655301447541457,-3.093788842851497,-2.2023246872422897,9.275792371910155,-6.2086834856037045,-3.3023705004444093,-4.701243662061153,4.608117206988615
-5.8881201496394215,-3.0573571478229034,-2.5011691439082844,2.839391265421125,-6.276282958080367,-3.125074487353832,-3.3252553429871163,1.726074087669077
-6.337630767220951,-2.8656584378878165,-5.357479218738833,3.045664219733067,-6.20472204455346,-3.2151039126715957,-4.757300581014411,2.9313871919403076
-4.9221793979922,-3.094753865464364,-4.115996603994451,7.500786993593518,-5.960202495288123,-3.284073694357899,-6.419919264420486,4.388245596021352
-6.2917498478166705,-3.022890593563182,-4.81292927562458,0.8812713209913009,-6.221993610374044,-3.0768139786610527,-4.497929653292371,1.2798885429256357
-5.289804892789647,-2.890436325702601,-6.012367413178411,6.111874937917826,-5.54168640929128,-3.2051253020604786,-7.149793995448302,3.0620043236569296
-5.865920685854695,-3.002363558759095,-2.3148566775395967,2.121539618317404,-6.285301544523284,-3.0628182170562726,-3.050560350894905,1.1276256663294562
-5.020479869903843,-3.0519851955847868,-2.597503841562685,7.954734776654189,-6.148624963964229,-3.281205337732846,-5.3869926300351665,4.186206223585972
-5.658569082165445,-2.992363777918598,-1.1925122740962975,0.9925032426441216,-6.323585765492263,-3.0102234034008304,-1.4098586342095674,0.6988794046765738
-4.988868343428815,-3.2075828737469223,-4.055869429181866,1.419445326654525,-6.269674378697056,-3.162566690107735,-3.508047857303504,2.1595407385609158
-5.229502111534121,-3.267732616567168,-1.2452209044820304,2.6711314563963477,-6.33228907338116,-3.23722338520404,-0.873942477702748,3.172723092437006
-5.446722547217885,-3.204202829533033,-3.0993098481404875,1.9074006257896,-6.293245389620312,-3.1780125209772816,-2.7805895913661285,2.3379863783625137
-6.053342810059479,-2.999352372466596,-2.0990358561085882,5.499685382193248,-6.2826520448375085,-3.2255720963676824,-3.1345325359921175,3.033630582058188
-4.875483313120141,-3.3185927215448787,-1.3905299254319425,1.6391769198727362,-6.339871966700602,-3.231526924228919,-0.3309862719035701,3.0705953559968515
-4.806671223778095,-3.0720212904173705,-3.142574402088094,9.41442000238645,-6.021281884383956,-3.3222526332887488,-6.187758194698481,5.300453599919448
-5.088617985075854,-2.973948689107753,-7.11160681848647,3.582077169115873,-5.149818798407546,-3.1846726963037186,-7.387972417989966,2.8498592342865785
-6.2050173122569054,-3.3258187269353465,-5.964435006830383,8.328826742009271,-6.123503467943482,-3.2987531332503197,-5.596341268011063,4.606247088065926
-6.1384595822478945,-3.264912916650225,-3.961358691323292,8.239765988538506,-6.2294737731403,-3.301900128792812,-4.372353476036006,4.573522838872967
-4.805282040868573,-3.0221945852945273,-5.965725764488664,5.286332010142639,-5.122581551588957,-3.1925211481244733,-7.398561634207955,2.9781016467980623
-5.21752512165085,-3.409389308641291,-2.6184316793311675,3.572333800849086,-6.320625928991559,-3.323588980620991,-1.5742889386222672,4.9829470585649585
-5.402376544021059,-3.0449753641264174,-2.695664577672181,5.073582822600807,-6.22089319159671,-3.1945309449163983,-4.515678036221409,2.614791605420786
-5.457967482380508,-3.3230916689680154,-3.9445545287758126,1.2164718846589555,-6.295956776154057,-3.2193123763589657,-2.6816171475292094,2.9226710790161934
-5.575612266937558,-3.123615493913811,-1.9419274188919138,3.818548492043603,-6.291536430533786,-3.1975038013443697,-2.841111016382757,2.603776565287508
-6.308835334502941,-3.1286275394040333,-6.026430704208369,7.190197974985376,-6.154728901452109,-3.2245085793564474,-5.330529097458331,3.1156038714707277
-5.721971403637388,-3.2155208331616465,-0.9701161172564481,3.8118133063655266,-6.324903329449251,-3.245417039088666,-1.3339396679195552,3.3203001879776997
-5.785325992329025,-3.234668356138629,-4.048103205227462,0.9049334548887138,-6.2823154037674955,-3.160457620461801,-3.1449995463125466,2.1250063272723794
-5.470671621366313,-2.8963577974000687,-3.4582195741634907,7.2159290113003065,-6.047779689212549,-3.214738810258466,-6.064278633137629,3.02010527097989
-4.834046345566573,-2.9431519216116406,-2.1580344528623865,7.8876882701872395,-6.1193727073526,-3.2282565350565733,-5.627607781581611,3.200382596944599
-5.035978923813139,-3.2902844350904004,-4.039505321187413,3.3243524813875958,-6.260947723873582,-3.2647461521289114,-3.7287183376292177,3.7442184795967215
-5.923844063130439,-3.102784565957648,-5.21757907400217,6.000968493994726,-6.076789040663763,-3.2264009018529065,-5.908235950708757,3.194778021894484
-5.413957716867906,-3.378404605114637,-4.323441261805779,3.7815922776081305,-6.2682358700172145,-3.314517522885238,-3.545969606546892,4.8319375120088806
-5.216422666350389,-3.3880016221518723,-6.28688032173722,4.972195322768265,-6.107877899500405,-3.340638549823965,-5.710497137069191,5.750875039164753
-5.696695971131973,-3.0474454586927857,-5.110088981912995,1.9130220529464608,-6.13287567957747,-3.0813150077618467,-5.522264363921741,1.35618462506267
-4.858365777009929,-3.2961010689394095,-6.444078272629375,2.7149732968866687,-6.088615339489738,-3.2462294646513494,-5.837167611830536,3.534894956944301
-5.799838240015835,-3.3071815643309765,-3.6492478813610973,9.088258302976682,-6.206418886769857,-3.396279439921318,-4.7335226823917385,7.6234310832757
-6.139630026090974,-3.1950528783988212,-2.702629573376094,8.581735330108465,-6.2764491815045975,-3.2568612615264185,-3.3204668485317157,3.57870680057949
-4.750313185026535,-3.3552542016548657,-3.6422023386118703,8.54764512863727,-6.238645203468616,-3.401551649579873,-4.205618538404213,7.786484826527555
-6.255682816975109,-3.092907038045083,-6.2513165113920515,7.447953543004659,-6.118690188709958,-3.222518606841369,-5.6326960605854115,3.1058814415845806
-4.849166654784209,-3.122409966330199,-7.435620722061871,0.6232281199860085,-5.77336042887711,-3.075321217766985,-6.862575749168696,1.397397868554065
-5.679033940968436,-2.940090657563292,-5.800013495227023,6.490634459382088,-5.871206532219218,-3.2121916652982314,-6.66781128805344,3.0599547948298884
-5.695560531022947,-3.2835584378008624,-2.4460762043647977,2.9900905304339425,-6.310458915660897,-3.253625503932853,-2.0818102257615205,3.4822074533277005
-5.748709290756913,-2.9884669178270586,-3.9444646562589085,7.604010041264078,-6.1201499196370905,-3.2160014689207053,-5.621786949000988,3.0001536991469036
-5.5190821554394915,-3.345616717638201,-4.314249622253145,8.465821107539849,-6.1918584489993975,-3.3959639062957456,-4.926948906616454,7.638080431268151
-5.441780626396774,-2.8707588257437724,-7.4917543893188165,3.301554720702129,-5.391501532757341,-3.197184046349158,-7.264707900920074,2.979766854175384
-5.117210254835574,-3.0351709328220795,-3.4721733336516074,6.438307392499705,-6.088442803865179,-3.229597208225557,-5.83823906130321,3.2418126997309766
-4.946474864138224,-3.03670464890664,-3.570898947864156,5.455944153345481,-6.127419697760794,-3.2006420366958164,-5.565931079070677,2.760706652701895
-5.280460689313135,-3.248891804652549,-2.693455219332268,5.965580706318845,-6.269651288872842,-3.3158795857051886,-3.508661614209501,4.864257905868076
-5.090401841409722,-3.1566671695189537,-7.306077895376694,5.208139187380802,-5.111779423811457,-3.2052013755569595,-7.402612875785533,3.1865846465642456
-4.976275613434419,-3.0623887951777133,-2.879867779303331,3.79220325313523,-6.244745489649857,-3.161501738772627,-4.086021371796832,2.1627218734672997
-5.773051308723334,-3.0158449111661407,-6.941554474340057,8.404460936341684,-5.760339807617749,-3.211244805548779,-6.884152842660254,3.0874785038061017
-4.946699039532272,-2.8721578150035296,-6.525834785834699,1.1191618731319106,-5.5539955161620576,-2.922501986140236,-7.138497134807331,0.2914709532442612
-4.9185052479945295,-3.203336014065632,-5.55880935443092,3.707482216745258,-6.080078353219728,-3.2304638824839733,-5.888941632399552,3.2614823758009326
-5.291388811705358,-3.344718748967078,-4.002163259618415,6.402492251217908,-6.240032018426242,-3.3592557887555388,-4.179072099647281,6.163493781111631
-5.193972250408134,-3.4327650850151734,-1.6777636687497903,4.211542114964668,-6.335707568490391,-3.3474028220467917,-0.6389523019069356,5.614953286385658
-5.647079532267469,-3.1082070936624975,-5.488626983537527,8.601201059024838,-5.895203487158223,-3.2262170877527154,-6.609085530369848,3.2828643029520075
-6.002704606593942,-3.1197968356499293,-6.293460566480798,5.976328371933907,-5.999386146431205,-3.219570634163018,-6.278475336545482,3.122675573589966
-4.90596843989175,-2.9192443758167057,-6.53299639529718,6.061226863815251,-5.099538671938209,-3.1982841137119316,-7.4071053461022585,3.076081870798662
-4.920841797191232,-3.32183752584859,-4.52215806139581,6.91760531936697,-6.186627085876524,-3.3603634015244475,-4.990998203930385,6.284214753435485
-5.166416872511938,-3.1738050822592037,-2.9147186199546375,6.488513228856519,-6.227032399890773,-3.2970307874432083,-4.4143112126381485,4.462602302885938
-5.778534756328514,-3.055276591496085,-3.354106732078286,6.764643749608818,-6.173691930646161,-3.231886401237782,-5.138526346967003,3.225245072289792
-5.526484406613524,-3.2415056605215176,-4.380992054934466,8.947874993804458,-6.068425135654884,-3.3709076426189157,-5.955746315409366,6.820422012290593
-6.04178707883595,-3.3525013392856975,-7.412742306506766,8.265820283190564,-5.874896690052385,-3.293630556522397,-6.659111853415551,4.665268056608911
-4.768049429394011,-3.3004844636449113,-5.589416019845068,1.924210389657943,-6.208745461254446,-3.227427441506205,-4.700351362485057,3.125315436632853
-5.385693992058936,-3.1537860408781935,-1.608263441208173,2.0341318031970714,-6.319862253055285,-3.154372051160576,-1.6153977333029443,2.024497428809297
-4.944082028064649,-3.1662686059157745,-1.6995162905480363,7.780181966847554,-6.264216444617794,-3.326433042166379,-3.648633401708425,5.1469742312597555
-4.891907137408637,-3.1457000642976216,-3.1230428321222368,5.441998248677315,-6.2236753054302625,-3.256420808978477,-4.470456239097146,3.621677036471228
-6.037418743198526,-3.1441021968914926,-0.8468740899014096,8.816314937933447,-6.31049776087456,-3.257001398030002,-2.0800229595288844,3.543691207669558
-6.305807798571627,-3.04862003448563,-5.153779669761995,1.3186056431766329,-6.207943970881624,-3.134315762398947,-4.711854002585201,1.8647393929895615
-6.118290647595093,-2.970972747920531,-0.6131883279371042,5.046334740462864,-6.321428713046408,-3.2237536900192283,-1.5305034060481173,2.966884293675034
-5.730202574604866,-3.139166690314422,-1.5456788891132183,7.243411567992491,-6.268507044961717,-3.3029527229425506,-3.538869678865538,4.550662421213975
-6.238050315529004,-3.314607192485639,-1.2698794160352582,4.782875446157588,-6.325814622633471,-3.315471868409055,-1.2804042360178203,4.768659569336244
-5.294212744213658,-2.9812617603956277,-2.929229526768645,7.1187809611906765,-6.082497339685848,-3.2232849046701673,-5.874524162922993,3.139762722193516
-5.472428870191322,-3.304696714814951,-6.156662914154365,9.63732478218802,-5.6637911000567565,-3.376616734184561,-7.020801304479241,7.46144814578835
-6.323293528182341,-3.0323618268261248,-1.17690266166053,2.244659603053215,-6.327243171053874,-3.1652593856380085,-1.1947384177324292,2.149464293046839
-6.262821104488204,-3.204444376502499,-5.1308964644340636,4.477416510754362,-6.198566707422078,-3.2299323242246176,-4.840741604151672,3.1743714102842784
-5.660408823260104,-2.884205592716435,-6.643239319071933,9.157038348521615,-5.725620195051706,-3.2087280362403274,-6.937715634373944,3.0592672104292626
-6.267264465799604,-2.8864393656942795,-5.10905503005955,7.052738510941124,-6.200913749143704,-3.225171084838255,-4.809433776620413,3.0942750660227336
-6.335081428392805,-3.176107233673358,-2.633662713293356,6.094752377537983,-6.3011681029014985,-3.2349819717639154,-2.4805197831692114,3.169120301934007
-5.057873360787306,-3.34948015980442,-4.6193804437318615,5.952797340185276,-6.213182626853532,-3.3507797076744916,-4.63519590014355,5.931431867186031
-6.294320481083563,-2.9469611163917944,-4.511413244078085,2.3869629472116327,-6.236311999609763,-3.1937391681158736,-4.249463220953119,2.592988894138977
-5.986284663034469,-3.055957575013924,-7.156520791733105,2.3712056526480105,-5.8757074510553045,-3.1935697043367344,-6.657184937002433,2.7701565891132263
-5.856771536984129,-3.2874898337447536,-2.2542463138329447,5.746643596418834,-6.294649086147347,-3.3265683536727138,-2.729812747037119,5.104167216911042
-4.902697849099993,-3.026423349611139,-5.3858080165771005,3.1450776598789028,-5.955352909581748,-3.1127052611339225,-6.435813778109258,1.7265468189670812
-6.14404068365754,-3.2968993169864413,-3.158828043021697,7.090664623891899,-6.262406759286514,-3.342517012729569,-3.693336339398753,5.603266235272791
-5.86952298617761,-3.236904254345887,-1.7352275528770296,9.297249435395528,-6.269967559022118,-3.3819402568647576,-3.5002402303945397,6.9127629658384375
-6.205302587543307,-3.3979514167163125,-2.0488828176976988,4.808142472462547,-6.323170690247535,-3.34737697356515,-1.4334204816177625,5.6396192169281765
-5.664230896433151,-3.0661962584095583,-2.0403849527699833,0.677528741154494,-6.316054321138278,-3.047495536181963,-1.8128104752620073,0.9849808415342707
-4.810721485879541,-2.8747404639062424,-4.508431120608186,4.554765886421994,-5.76162135533922,-3.069788826958411,-6.8820670893964255,1.3480436972819358
-5.907042773710757,-3.093384051855464,-6.0270374604774375,5.185690978455617,-5.979385748116348,-3.2177290106894385,-6.353718156389142,3.1022231545730543
-4.902108540847168,-3.141352372645642,-1.561502408829785,1.7381701658404805,-6.32194992343628,-3.1364426151799276,-1.5017563068043769,1.8188897989469175
-4.935206991112657,-3.3673169395895175,-5.971653872091108,6.986314542845439,-6.053542143513522,-3.3725355735218576,-6.035162228136754,6.900516724742219
-5.8598387109104655,-3.369841588628937,-6.876803263324387,7.694995744930749,-5.832378914247997,-3.3608698742725522,-6.752802458711329,6.696030701596416
-6.308572404063452,-3.4067574775238016,-0.7111587481380752,7.58685676256544,-6.335195666617373,-3.4037957164754045,-0.6751177536812838,7.635549953873428
-5.751008487955114,-3.3264986350109518,-1.2736559480495941,7.640160154372711,-6.313700373401398,-3.3803404933509413,-1.9288845839517137,6.75496484253916
-5.2770537077494994,-3.127073432637098,-3.7285758245803695,9.486005030892827,-5.979902046968991,-3.3426360126693893,-6.351859085095108,5.942015679376207
-5.5095580630648735,-3.3904215636579216,-6.962972529335458,5.776871631806511,-5.927208646141119,-3.3541884149380494,-6.522034479179705,6.3725681405176715
-5.175040298367766,-3.0693371857284815,-2.1665599303803207,2.8537038802803227,-6.288577247451438,-3.133112409567162,-2.9426728603872103,1.8051976524827213
-5.74990810890014,-3.2834495328164484,-4.824753586905227,2.5862997010262543,-6.234096744685182,-3.239521232472982,-4.290169729289131,3.308509574704974
-5.013720066588597,-3.3527815226115942,-6.007349945095099,6.926530376936179,-6.024786395438457,-3.366339230738176,-6.172340412069555,6.703632748292966
-5.707305195380212,-3.2386514332463343,-0.5034151184184532,8.669871374682787,-6.309418155777881,-3.372254798400631,-2.129299159746065,6.473344920470779
-5.991880692849514,-3.348346833724909,-3.964819531416497,5.568892327529218,-6.253247972067797,-3.343535175527101,-3.906265048340013,5.647999069544504
-5.78870395716804,-3.0910537410773395,-2.6306455488979994,7.90185965769923,-6.217615951066582,-3.2595649441603545,-4.567492534989814,3.686584745748414
-5.954952448609228,-3.0593844193330098,-7.082869887828939,0.628624178765078,-5.865810051307829,-3.050138756461622,-6.680327674160239,1.1501552335341265
-6.25198658178125,-3.3713394235196152,-1.8869923436872096,3.5974375170202255,-6.328253553420376,-3.3093671682165615,-1.1328249637141026,4.616301738898165
-5.556415487772522,-3.1739691657214744,-6.013229206123698,0.4440332792769997,-6.170101234342793,-3.105250657389016,-5.176962029080661,1.5738103766834715
-6.050889075900906,-2.9336086403360784,-5.068630526078554,4.079203443174881,-6.139371865622854,-3.2130753900971536,-5.468194164992533,2.942623690488361
-5.919601980906403,-3.002685356045287,-2.4570136145288446,3.7231540371042384,-6.252014429662121,-3.124000352509195,-3.933354681659166,1.7286564446593702
-5.534849374125873,-3.2064704671988196,-3.3835217027046216,5.757828784831546,-6.226387010885311,-3.292071529651783,-4.425242262376477,4.350491507661894
-5.421857092980159,-2.9080675405018264,-0.6772234978830651,0.49856855293377916,-6.331687243468421,-2.9275052356109446,-0.9137756538318902,0.1790002420199024
-5.736201384127867,-3.4161948482941464,-4.809763204963108,7.789725878162557,-6.210974834890855,-3.4045401006244624,-4.667931679935207,7.981337432361518
-5.259604941970158,-3.105272841421994,-6.880347643019747,7.870277983430234,-5.350355515231528,-3.207384388062523,-7.290151783004357,3.1563153681951936
-5.366220867870504,-3.2614462888567854,-1.861317547144714,0.37890505094517746,-6.336068332924674,-3.1588887830468786,-0.6132503637127673,2.065017297143606
-6.0418039537582455,-2.974418400390422,-7.170419692804965,1.2818414508379952,-5.9092990030633334,-3.1383899009485843,-6.5720642943605565,2.028505478651685
-5.54242977707168,-3.0210282299143216,-3.269126562892925,0.35833738850953667,-6.285485672001444,-3.0025794627677898,-3.0446175051293984,0.6616471922492477
-5.90306651405694,-3.0233376984363707,-4.998549306110641,1.883917174273415,-6.135413905202136,-3.0646593944763003,-5.5014137167492905,1.2045615960468616
-6.336381938568155,-3.285001149678199,-0.8170301616390043,0.48055147276466315,-6.33999997513296,-3.1759936625615923,-0.32111303155432225,2.272705608382822
-5.460499285742086,-2.903291010673951,-2.469670893711597,2.7254535706635137,-6.253831809648689,-3.0202759654238127,-3.893318062388219,0.8021447072774079
-5.308752490362554,-3.3695566047784204,-3.9179362135807163,2.553205572317487,-6.291806189321919,-3.2802933152162717,-2.8316506321672854,4.020752193091642
-4.947679356286503,-2.9290768215102143,-2.0300677304588612,3.6429573927908794,-6.257753017223417,-3.0748628692229305,-3.8042088435187518,1.2461397775324783
-5.072870195954144,-2.8618792616819513,-4.847402824840073,5.0943918832337465,-5.575644926699178,-3.125995333797071,-7.117793185709277,1.9715221742629367
-6.081725113032262,-3.376085393136628,-2.3293880239912923,0.5847078442781178,-6.337245162257295,-3.2280726135159585,-0.5281536864472631,3.018134386247293
-5.38384858100131,-3.372967644710898,-2.696381422165758,7.308508128692379,-6.290691114813324,-3.3872782455869066,-2.870534351890794,7.073232475043615
-4.8439652468075804,-3.2099569252348727,-4.703484558339657,3.8765731680834703,-6.179246297893915,-3.240647843424707,-5.076977499081439,3.3719944649471865
-5.217762833977984,-2.975245091006662,-6.669043945130062,3.150244880921416,-5.354730006206407,-3.143679266045754,-7.287549355618163,2.234644020080051
-6.252171612543361,-3.3014088497458483,-2.2317628491889314,9.087025027820266,-6.301782912192406,-3.3222874690505644,-2.4557938254791116,4.98032180718764
-4.781268026325627,-3.3997890753786657,-4.614299529036451,8.462655984858035,-6.205443986915269,-3.4107119861438457,-4.747226159357078,8.283076117535352
-5.5373945625611185,-3.233797490804733,-1.8826286105678012,8.383987446062898,-6.271408179841059,-3.3635361543100397,-3.461480112833577,6.25099923378309
-6.107974839125141,-3.1348707577214006,-6.44299149839485,1.74799718751466,-6.036349440191376,-3.150147938981786,-6.119551197698435,2.12531399456607
-5.496264833254221,-3.2908586515529104,-1.7198266461257576,3.5443156557404127,-6.321916982211526,-3.273088923437018,-1.503580684534442,3.8364615424315582
-6.051756972092223,-3.0687452274253193,-5.618652650002781,0.6440053346693744,-6.154647125117949,-3.0451326827272083,-5.331301595703297,1.0322110030568468
-4.751427990421736,-3.3312882789352,-6.5572134711681604,4.66148122211293,-5.993044368397161,-3.3104047028473307,-6.303071672523817,5.00482077900541
-6.333705243246576,-2.9742946039994758,-6.960187709194628,0.3835795346119065,-6.087095744903653,-3.1273961948979285,-5.84656804587791,1.8414301726256652
-4.803995470068043,-3.1351236475807243,-0.8315706669850593,8.701788869889711,-6.277885957503839,-3.3362084317385032,-3.278666871787091,5.395823941944342
-5.172954495383351,-3.4225052964646037,-2.877713326138289,0.6309799213527401,-6.333304428380282,-3.252243492844963,-0.8057197678776067,3.430194906533104
-6.323031874093074,-2.9418044288088914,-5.2971518884012845,7.247425710952202,-6.20441800378455,-3.223384064922706,-4.761524815695938,3.062740675921124
-5.497597688534275,-2.977370693795393,-2.9063867128953342,9.43581627257295,-6.112050503845821,-3.2331790146443566,-5.6810842480060035,3.288474324122486
-5.585117411534578,-2.9366128521711126,-1.5993497141260322,5.691094985864838,-6.235638646278472,-3.1554045067839027,-4.261930030974984,2.094017592172151
-5.534915979264743,-3.1861995757565484,-2.861453941019554,1.8996461136925897,-6.297160946118538,-3.1677106285276793,-2.6364553206365855,2.203616470815561
-5.641687005533447,-3.0582231320944806,-5.293084392953719,2.1021426884759227,-6.103489177228859,-3.0950001062716126,-5.7406414979113585,1.49750529341022
-6.170913915155667,-2.9653363251024794,-1.2122647970938836,8.089728775429135,-6.31504492411753,-3.231799463694226,-1.8631204479728334,3.102337717644951
-5.216651568501192,-3.0832787025936677,-7.084063722334876,8.543029853835527,-5.2718081271428145,-3.2092183468960407,-7.333135196732938,3.2095255278250967
-5.587085291900738,-3.034926949479626,-6.630730102307473,7.233802582585124,-5.671375247463429,-3.2108610071621495,-7.011359970141084,3.112816037033464
-6.106493185562743,-2.8745478802013897,-2.3975562700023234,5.147114550925187,-6.28099693447305,-3.2252243620713554,-3.185566662957819,3.029589598008504
-5.3012668944773615,-3.304412164870313,-3.916694874943272,0.8351024810893143,-6.297768287404283,-3.1973154848128122,-2.61338676874649,2.59584169514185
-5.895540349415205,-3.2715688305002355,-6.314345505059136,4.036185516867197,-5.994895700136778,-3.2700583857485848,-6.295964664521994,4.061018189728812
-6.239458784980414,-3.4247894871242544,-5.111524611800622,9.616794190923283,-6.1936338301728195,-3.408540354507327,-4.904591968633172,8.204651594326684
-5.18398065542171,-3.1876389243838856,-6.068418457289281,1.179026691669573,-6.136994497004455,-3.139964972639868,-5.488252275750854,1.9628175539884682
-5.6777519702743104,-3.0545050201315354,-1.568456708470027,4.485877164622081,-6.283226200186405,-3.181718277892623,-3.116576741355791,2.3944083006546153
-4.985545794396711,-2.961335899009597,-1.3996434121676318,3.2196340381789854,-6.2915508151164445,-3.079743789791015,-2.840607421131314,1.272931167153795
-5.597480016958693,-3.345435995036595,-3.3028487904296204,0.41097477258210785,-6.320013352596375,-3.2061082016855824,-1.6073055931624989,2.701614488961468
-5.593475086971073,-3.343471377367516,-4.070078587563033,1.758401968623971,-6.290381023751593,-3.2457814555767466,-2.8812443800595817,3.364487930348047
-6.3376079048455365,-3.1911638807511626,-4.425055584812521,5.248682686415346,-6.247948428976867,-3.2362958890057287,-4.020178509290162,3.2413739550348257
-6.141798857198572,-3.1460210102140564,-5.348347378688839,0.7894502778927026,-6.201175762040184,-3.1014465111282963,-4.805900410296581,1.522284127149753
-5.687771006423102,-3.0465522849747355,-5.325698990772734,6.920302320396604,-5.942557197662129,-3.218569192724703,-6.476242347277545,3.1331048874836114
-5.085853887163639,-3.431730112371698,-5.952304765024727,2.751357601819897,-6.224063736593344,-3.3094359089061065,-4.464049544273076,4.761953959322674
-5.3982408993893625,-3.15268903850432,-3.421269422700754,0.7158544190244208,-6.291691059433969,-3.1045703308260806,-2.8356924288370156,1.5069573630239104
-5.883493329303947,-3.3451286007547214,-2.143753612338659,6.629762219373263,-6.3031159949083175,-3.3663014049101747,-2.401416945276126,6.28166745449349
-5.8552292456212855,-2.9230619062121943,-6.526204648169773,0.1728609308892574,-5.939162270517912,-2.9198088366701778,-6.48661672091227,0.22634353812473718
-5.746361179898619,-3.045613522691709,-0.7064813921651565,4.933857785979612,-6.300901589734277,-3.1922662824035273,-2.4911702182845774,2.5227908373816037
-6.1229849781051415,-3.087552583032618,-7.379336967670234,7.935008852832849,-5.930811804141119,-3.21658139067161,-6.511536521887887,3.105806529725313
-5.827341465796032,-3.3799172906557557,-6.4280803719994974,8.037752265772033,-5.911094061086743,-3.3913495752178417,-6.567205340620719,7.849798002219722
-4.898781945893498,-3.3311172996331058,-0.33377157526317536,8.344929030792338,-6.328571777063946,-3.3951561356636035,-1.1130923429901047,7.292088752112352
-5.816289600481921,-3.4098377549934322,-6.41412914673804,4.233310607746895,-6.137899886714658,-3.333131158123646,-5.480650818072828,5.494416993388978
-6.0132307438480765,-3.3326538765773708,-5.541880890740348,8.513085607101118,-6.084379566640874,-3.3603681887960946,-5.8631691548892135,6.420426986929859
-6.282046147587556,-2.895749747828131,-4.27430839679835,7.158572156950573,-6.243940358167052,-3.227551361507341,-4.102233384968496,3.099446562876647
-5.526024187275734,-2.882215995944697,-6.198328776811767,2.4763537977816865,-5.698288297421027,-3.073206626438128,-6.9762253921896145,1.393125237060283
-5.532006084220484,-3.140509254897967,-5.123231123842978,2.9615585509122737,-6.130572388348184,-3.174829208185968,-5.54088749710953,2.3973161633858346
-6.198268952284648,-3.1437049706203437,-1.5362299344738952,8.408132509407997,-6.3112260827043425,-3.238059285624601,-2.0463130351299412,3.210033755290506
-5.680624472395884,-2.8620559570031068,-0.557141713723996,3.099241626960208,-6.304653070687946,-3.0083435492389112,-2.3373878365174123,0.6941783069855092
-6.154692035534318,-2.946914257005741,-0.7455828313296946,6.296806805864623,-6.321964663979347,-3.230650591230234,-1.5009396039013803,3.0763058822953315
-4.806620026203317,-3.1582527032897074,-3.7390390086238545,0.718678838703241,-6.282895598948944,-3.107953951760576,-3.1269318217381166,1.5456231237981424
-5.751729546176068,-2.8944784203219305,-6.758425524136891,1.333610669552791,-5.774402657415817,-3.0503056351129496,-6.860810933036996,1.1705338403425745
-6.287397612177384,-3.1475275590981404,-3.16717085741611,5.165277225044285,-6.282337301421419,-3.2313857559429593,-3.1443200549372534,3.12819130724624
-4.942392639297821,-3.0384405441676394,-2.9267338195656336,5.846289400447901,-6.179508166419694,-3.214888300719189,-5.074010649125084,2.9453732793297998
-5.535538956088644,-3.395977474273701,-6.801042849037892,6.247695010778819,-5.956955697539901,-3.3655368241009476,-6.430596465331014,6.74815906250822
-6.003100448950276,-3.19491980131586,-2.852014417572235,5.817392815555297,-6.25038170329011,-3.288700956660591,-3.968667630475232,4.249029838877654
-5.951570425602498,-3.2822902355000347,-6.490638249265603,6.426305074724094,-5.946011784533423,-3.284493094730154,-6.465536976296426,4.406805731105582
-5.195773140195725,-3.3621574845783764,-5.55610145444638,1.442510136364932,-6.243027255337886,-3.2441866269807274,-4.120458756203955,3.3820278986144796
-5.366687203547007,-3.2652931229573583,-1.254630178419509,2.5824663551698284,-6.332415795877488,-3.2333168178980585,-0.8654982686037194,3.108177640281686
-5.315475258391339,-3.0647384889517983,-0.7375097018539334,7.012257573151647,-6.281437547877903,-3.264794302335123,-3.1720848907828847,3.723209597863608
-4.856518778419107,-3.0952658954942303,-7.475225038910418,3.166114069448254,-4.857104068290412,-3.1803796258232557,-7.477867690389926,2.854313634543589
-5.162565718346164,-3.2378067050121095,-2.77588234614137,1.140357868998486,-6.3129399245268365,-3.1712120007760296,-1.9654624417219333,2.2352182180476614
-5.311866697159336,-3.2127596789196007,-0.7071221443860276,0.6919250920406477,-6.339999971279184,-3.1415837633401,-0.32111332917533275,1.8621035518907596
-5.766688980509616,-2.9872044300954816,-4.683794069108879,4.4859512086529705,-6.059303775095263,-3.184768292543878,-6.005160869793241,2.5671341496343434
-5.808327526820202,-3.382455105214335,-5.2014144067871975,8.50356198294592,-6.138748660959545,-3.404811712243988,-5.473482982923217,8.13600470097862
-5.119975717804129,-3.2572503851539,-2.7002820593410854,7.70181493493888,-6.252955962137515,-3.3568790063325986,-3.912710179146618,6.063855441029284
-5.072828653674145,-3.4073814690737603,-6.321786325160993,9.27551504134889,-5.951433208236394,-3.4177878424326646,-6.448426644958159,9.104427376543988
-5.894977370842863,-2.9806486275795088,-2.973983654211521,8.460366178904957,-6.224253896007159,-3.2275648984085907,-4.46090466488257,3.1155914648444156
-6.215698825841925,-2.888955909449315,-1.2105808296066414,2.3128354117832015,-6.318722141942224,-3.119767697613318,-1.6758056203903484,1.6433403229291992
-5.20960988982631,-3.4364526806826095,-1.2866903038093431,4.0209747451243265,-6.339999990179566,-3.3447619484821227,-0.32111186952821047,5.528430076235445
-5.162619164736561,-2.970919509700039,-7.3090483772347525,8.556344396026965,-5.177578858151138,-3.2007706735379755,-7.376601987006302,3.0958591731510605
-6.173073836053148,-3.3486093504829326,-4.223384504663436,2.4584445404445523,-6.279159748133615,-3.2678825272565493,-3.240983071126509,3.785646097008878
-5.309636907455081,-3.3275663910389675,-3.0269327987848067,7.387833793960411,-6.2664649398859,-3.373982247998878,-3.591789677509232,6.624726813639657
-4.807832992047246,-3.204369703006008,-5.4465039296227875,5.602896028345896,-5.969530725158869,-3.281768873078918,-6.388411269640241,4.330403208961421
-5.304390504843974,-2.8954150528059635,-3.294717487522653,4.253203734132586,-6.137707092759894,-3.0751726346460035,-5.4822733100680185,1.2978719597750765
-5.866784916074719,-3.012127134704691,-2.9219943456683914,0.6951159593315425,-6.289682978799156,-3.0107461909763824,-2.90519176257654,0.7178196196275866
-5.864128596224969,-3.3413778853109144,-3.942693888856274,3.6967903933184556,-6.273329898307739,-3.297500615719453,-3.408731131482261,4.418161273557182
-6.087473682092069,-3.127354159158148,-2.7661859283788166,3.308909287083291,-6.2724537125379065,-3.1821424193279735,-3.4329317667810333,2.4081545896015264
-5.013082653025892,-3.3801105279612402,-7.087469350399019,6.861291159496503,-5.7239690615836425,-3.368003125855036,-6.9401288163564905,7.060344659834295
-5.444560612478582,-2.9964447057792234,-0.7885835554093745,4.9562283101017535,-6.291442220079621,-3.1653773589166465,-2.8444068510938365,2.1788653970562835
-5.040926325144432,-3.057740740685754,-3.807939187091823,4.881801827008569,-6.140310686904831,-3.1935104143881405,-5.460185132530889,2.649659907306623
-4.762821384174006,-3.236015789601097,-4.450960710800904,4.602473857042386,-6.19338621579857,-3.273549719459003,-4.907729498171475,3.9853915693421893
-5.322733013625224,-3.4040239047064014,-2.820821510214781,0.37208513184226816,-6.333827077986051,-3.2355095160368785,-0.7700931974783574,3.142571483140995
-5.7366121058015995,-3.1790160296243024,-3.4363660152082733,5.544278452077288,-6.215819304002843,-3.2742450334389015,-4.595253586566383,3.978651550959695
-5.380354098899224,-3.4255338865673295,-5.141101111264419,7.159536773037262,-6.202565767059256,-3.3964383786671632,-4.787024704621512,7.637885795398241
-5.676631274576159,-2.95248091507179,-3.597120902925722,5.522312429266892,-6.121961522046407,-3.1919803974485044,-5.6081081000772866,2.637814816382542
-5.264289173996248,-2.8600853809839872,-7.471914652003759,1.151279516247932,-5.237289499379589,-3.053026772926085,-7.349991479550702,1.286210240984675
-6.198867993895044,-3.318278452738759,-7.350910111002013,9.580837943948406,-5.978636795771601,-3.24708870752854,-6.356407465965905,3.6156767676121495
-6.101323434204712,-3.160204433947669,-1.168184192092533,4.599109001659018,-6.3098470967428355,-3.241059452632356,-2.109819086070444,3.2622926918490744
-5.947438780240557,-3.2676558337763346,-4.470777885938939,2.9822955879841135,-6.2400228028465285,-3.2437001067218247,-4.179249722456744,3.3761433410294934
-5.591570206438261,-3.1962279756420355,-6.915749894016524,8.478859095590634,-5.624911744375649,-3.2263330335416422,-7.066310910383414,3.3920663357094174
-4.7991188437879995,-3.108118699444704,-6.82203611071262,8.815896304040614,-4.93978208822854,-3.2036660367731016,-7.45723178541709,3.2062215197412405
-5.763252307196717,-3.2148629981896955,-5.666440713149428,9.010499689622934,-5.942571786887148,-3.2850369368723134,-6.476197454449323,4.421373650119022
-5.239687354319837,-3.262468608642023,-4.847562362516136,4.101221814416041,-6.189243054049275,-3.271650785596699,-4.959305270662782,3.9502608200987197
-5.734913298135551,-3.0433168105178328,-0.6826101030286837,0.4172332038457868,-6.338721366717428,-3.021622770242154,-0.41861012866642966,0.7738974096050806
-4.991806338412537,-2.938945051527333,-5.92709580710869,9.488597929288694,-5.299935461161625,-3.2039911429245476,-7.3185208257648044,3.114862134916909
-4.947010807499893,-3.0136543120968255,-6.732183409745408,4.338876411514336,-5.096698910153475,-3.187900481124917,-7.408132903521338,2.9124931669670904
-5.135876213596471,-3.113122560341219,-7.078022368836271,7.409517340347799,-5.199874929048275,-3.204992489768606,-7.367022532604966,3.159159867924644
-5.687548875102368,-3.3099257787162446,-5.004204172072519,1.0053804038669727,-6.261105220912242,-3.204803824541605,-3.7249268318380846,2.73365383437991
-5.765790395304851,-3.4308371489342813,-0.33130026348470487,1.3261236959271776,-6.339999984810309,-3.2760570558740345,-0.321112284187695,3.870809261675544
-5.800994694652073,-3.262465635093929,-4.2004288706302875,3.28895740189309,-6.246380725616813,-3.250324541083497,-4.052678572464772,3.488564887286368
-4.929149056905623,-3.329562221587098,-0.34087266363521973,3.8076730148387474,-6.339999986619651,-3.2977909376009378,-0.3211121444549674,4.330013593856544
-4.777381906982456,-3.2425170978511577,-6.921552491840295,8.084314360499576,-4.898384269739779,-3.289793884212042,-7.467965084706458,5.025013507279163
-6.088067224391877,-3.0017409636238215,-1.1782979256134487,2.109611303889904,-6.313924480945872,-3.062525806427863,-1.9180206523971242,1.1102689037401574
-5.835225084953941,-3.107161750233413,-1.2600063008885236,8.295686477923827,-6.278466644447484,-3.27785860864447,-3.261561668403445,3.9864785069274076
-5.56651831754337,-3.1057032466875176,-1.7319064278678535,1.503936592134307,-6.317628310775411,-3.105768384880198,-1.7327022180856781,1.5028657040333377
-4.85859986223773,-2.9303723074516315,-5.821234508039986,6.100662916103023,-5.20082047203991,-3.1980405658624185,-7.366607139623725,3.045508430976679
-5.175646883899667,-3.0578570880569935,-6.981625821231185,0.5997895260887627,-5.865972708735848,-3.033067824554733,-6.679953927933073,1.007341214387875
-5.985403663298604,-3.378234902996735,-4.019711482160325,7.152389423290295,-6.244411470435537,-3.384237719653627,-4.092763371085289,7.053699128348385
-5.424023464564641,-2.9055041167458073,-3.9788607869513544,4.357889575325696,-6.028717285841599,-3.084301506151482,-6.154730915471276,1.4183439645669198
-6.137435574395881,-2.8773465895296155,-2.671338370697672,9.509706138390516,-6.277088090591411,-3.228586695424426,-3.3019703136320855,3.0873543206589833
-4.8538174733290536,-3.3897532744318317,-3.1674214602244506,4.726544194424811,-6.298583581921401,-3.341656257579395,-2.5821076136906678,5.517290438476638
-5.140658417288826,-3.4136590918080834,-2.7667561472126945,5.924375071276524,-6.30572480619596,-3.374636611920285,-2.2918746469569937,6.565929996390667
-5.746464892523012,-3.365880821654261,-2.575408742442426,0.4652148780480987,-6.333567814858979,-3.218988504208561,-0.7878097267993835,2.8802202951459894
-5.803257802269409,-3.423801591580583,-5.293667600452766,2.418745854047127,-6.25900630684999,-3.29900111446171,-3.7749120431590413,4.470546997625656
-5.355526150182603,-3.036456655674431,-2.4167049022225973,3.982025615757143,-6.256167210761777,-3.1534706446209775,-3.840704926887428,2.058239384415122
-5.140732099618649,-3.050323288880038,-3.6635315081504283,7.556925769928104,-5.994037804950457,-3.2669089736695542,-6.299265431668581,3.9961159329748988
-4.795066049671095,-3.156439241765259,-0.5949246487606823,6.047015778251735,-6.309921349585389,-3.2806440767732936,-2.1064338812078045,4.005007323266876
-5.724844125337549,-3.1588046879594396,-2.795282802177403,3.0584756544322924,-6.280848774898695,-3.191246415076557,-3.1900832132434065,2.5251125239101344
-4.872464849057477,-3.2123506489722637,-3.0132156473697904,8.337631827677551,-6.206790855804199,-3.3532809661659213,-4.728263888060128,6.020645517747173
-5.021013013763541,-3.0426910363874176,-2.3729723757927106,7.342273731918536,-6.183095440990398,-3.2612530310637586,-5.0327572395825,3.7489720759985863
-5.406691678427594,-3.1847497727104623,-1.0487200951902533,1.556154060802492,-6.334874806466196,-3.1558976029175745,-0.6976065119444046,2.030502560058114
-6.1354138802629254,-3.2555519206886294,-5.814702259898408,9.444639636193626,-6.1096272346360205,-3.2546198969093867,-5.6982569991378345,3.677539841803645
-5.496369758274582,-2.918088550786165,-3.533537739039899,2.1064195101103476,-6.216971687976967,-3.0038736734526132,-4.5774990038951655,0.6960562253002784
-4.948767065592111,-2.919653455821922,-6.611457062461916,7.434938350967158,-5.1230324530913,-3.1991991568940406,-7.39839072993687,3.0847771602286844
-5.435818920654579,-3.3341713929405126,-5.077715906778437,7.1204543229638,-6.1384112423053665,-3.3669272044250245,-5.476337314424443,6.581927367399462
-6.042705685592348,-3.081721185696769,-3.672619013752099,5.147900658259347,-6.222748871832765,-3.2252554637547366,-4.485643898784777,3.0791486117457154
-6.0503465986814415,-2.9530947266677514,-3.6196787328543953,6.685838532266184,-6.226882048738835,-3.225910766817488,-4.416863662822035,3.0865478446281136
-5.342277739621223,-3.25116319098484,-2.2098715448782,3.8545201489735628,-6.304284051033177,-3.2629154629879626,-2.352892352232666,3.6613051201307956
-4.873313826493384,-3.1698063183057523,-6.103473043016676,4.508304839271901,-5.7648623189771095,-3.2333491417375693,-6.8767558128492405,3.4636194059818406
-5.713662270290914,-2.8786728606062937,-5.288737633273331,8.629434988250484,-5.962481606661984,-3.215562930840312,-6.412336341925616,3.0749276368820855
-6.299250038501084,-3.3607268715375707,-5.384636300916096,7.189043245597155,-6.193452850831555,-3.323673672073707,-4.906885785457159,5.165901593861468
-5.382815285580038,-3.194356141319148,-4.529823931552602,8.16155738847394,-5.998259972256829,-3.338410971914791,-6.282895348495023,5.793202065979154
-5.994743253828488,-2.9753343873119573,-4.82086030431911,6.718453576250412,-6.13892837257218,-3.2218188960529734,-5.471960120784351,3.0819645419872295
-5.041524893276457,-3.186594918052488,-6.101994507534437,2.3332801306707265,-6.060666201912378,-3.17804378493591,-5.997932202144096,2.4738663454520347
-5.947665195421787,-3.3834225323460267,-4.43309062742705,6.251104273063302,-6.236066935607323,-3.368706910247854,-4.254010013390655,6.493038621028028
-5.724559734246067,-2.8755925276775436,-0.7546628789504792,7.534756967668295,-6.278631105566534,-3.2256713754455166,-3.2566947569787823,3.038904486678605
-5.0784834151142,-3.2553050064467906,-2.056368998882178,0.510461596949631,-6.331976511132819,-3.1598459039170095,-0.8946854164632319,2.0798714672810923
-6.308567581778991,-3.399806432538153,-5.222467486352924,7.052502590400172,-6.204926523632956,-3.36270277485929,-4.754453456458999,6.33608365679707
-6.290169211719862,-3.213823367113288,-3.2213034322555716,8.211650555753796,-6.281159015884031,-3.2400114401296918,-3.1806160487950033,3.2739035773497145
-5.4444836917383554,-3.2951380806615926,-6.879962582261719,4.913261834381954,-5.738359106856274,-3.2983212960901938,-6.918700839813654,4.86092765916502
-5.0579923375291775,-2.949174491861322,-3.051063644842615,1.7458690744167327,-6.257853658957284,-3.0108702999785595,-3.8018711664905167,0.7315498209145495
-6.220783443264789,-3.411529721612219,-5.562710551573104,5.178853009303226,-6.195663342488004,-3.3553172786714125,-4.878635478489375,6.103022139687433
-6.102418995131806,-3.0741808731862696,-5.242032661390963,7.660117386355884,-6.143880795489396,-3.2244346865034488,-5.4292626320612385,3.1214686172751165
-5.496503092680264,-2.987274628572218,-5.656844064579545,5.5256985261518174,-5.766172153929872,-3.2083017217290117,-6.874594280956935,3.037864633742755
-4.930094283079941,-3.4302071937111234,-0.8006845904452522,5.73662106161706,-6.339999992404342,-3.377814190491735,-0.32111169771211223,6.597996102551169
-4.753989634674594,-3.272174860417475,-3.9856208747699795,6.633070226264708,-6.202712551619559,-3.3378635731672164,-4.785018479401632,5.553104931280798
-5.395772841069616,-3.0735308478471617,-1.2924671576306634,1.5746249497286393,-6.3224937948557445,-3.088241145984889,-1.471487156461527,1.3327780900161472
-5.199299527920826,-3.177322243957261,-0.9473628798107816,9.198321436457366,-6.2808531326766515,-3.3616019790588356,-3.1899504893802604,6.16864246508969
-5.633733713536093,-3.2289046358939624,-1.0337904104695088,9.130202121667141,-6.291595765532082,-3.3772464987178945,-2.839033105079955,6.6913651860111765
-5.110895442804062,-2.906428085809083,-0.6935554010664902,4.70196617791032,-6.28457300892416,-3.102030524871211,-3.0739360764584935,1.4861346135860476
-5.7681215432188955,-3.4062309906192487,-4.351470830435036,2.106438274326025,-6.290727976777846,-3.284433260342612,-2.869258237680463,4.108872299124608
-5.186966299153469,-3.0791560678664998,-0.7774026768948241,6.6851240647967005,-6.286621144869431,-3.2624219655201077,-3.0076535294724396,3.672113248353365
-5.941406961866963,-3.2192236829694396,-3.9052247355727534,5.204786649882269,-6.210314059659843,-3.2826924046980626,-4.677606529779209,4.161319480530019
-4.844136834023883,-3.066661179000208,-5.159725092059236,2.6687967216577646,-6.090813422107134,-3.121199160334391,-5.823424147936379,1.7721567866065162
-5.424449237498695,-3.389635243712817,-4.208787758857907,8.69231476943959,-6.222821306241986,-3.412288051971817,-4.484461113721558,8.31988774339317
-4.880556044480125,-3.1093308601384813,-3.5876406741673,3.2167744394703743,-6.23343764688319,-3.1680408970034244,-4.302112076411426,2.251543179443648
-5.404023968118095,-3.170328504375291,-2.8406979048450633,9.245273036374714,-6.176300329651488,-3.356799029527498,-5.109946410704384,6.17957602659367
-5.139886720510072,-3.3588801759016405,-6.262828782528356,6.695426457024571,-5.990007957869862,-3.3631343304956824,-6.314599885624681,6.625485312181658
-4.790599351854377,-3.086844765191276,-1.4834068270130203,2.7020035550388553,-6.30977526694651,-3.1385874111278915,-2.1130901457286457,1.8513207498647706
-5.953550092890094,-2.8602252476986605,-1.2008081033594555,4.36052086593625,-6.294373190564976,-3.167373194241395,-2.7398702990202377,2.201501346493457
-5.042550413497565,-3.0608428263241914,-1.8951714989666364,5.70875758848308,-6.254512604209556,-3.223787036136324,-3.878117853046744,3.029848574252662
-5.25379299802181,-2.8838223468322903,-4.410494355699458,7.144400111266262,-5.790293214481971,-3.208643687833503,-6.833179643011431,3.0344607105743004
-4.813073040740433,-3.4159012330912124,-5.687293725441945,3.472182991757068,-6.220367366069682,-3.320317924850166,-4.5240959818854884,5.043634820856912
-5.427474575743577,-3.1714244397997913,-0.7326370594391101,1.850795483981006,-6.336575923379751,-3.158617271868961,-0.5767841750637306,2.06135368838759
-5.853658055320088,-3.394697543539591,-6.225381383250452,5.773098369410716,-6.095867403341777,-3.3590157946807273,-5.791153622071148,6.359729506608386
-6.257568550615214,-2.8845907778841178,-2.047311716978494,0.8289064415772229,-6.306295327847177,-2.9823292876983456,-2.2673484481978834,0.5161349223830414
-5.0846548322206635,-3.367661624201015,-3.788209613884187,2.0795854362551887,-6.299167942748522,-3.2666920767718945,-2.5594652258209027,3.7395905702995487
-6.065761916015729,-3.1256072438199385,-1.1510333383226268,0.8149152425084238,-6.334185921663327,-3.0922772186708207,-0.7454285293466247,1.3628826094305135
-6.009160590355063,-3.153594476072674,-0.6397792506051108,3.5191088307927307,-6.3261058596267725,-3.2048154445630277,-1.26311419699696,2.677002729583218
-4.956980219725606,-3.1204397610592207,-4.253907873114862,7.400005801644928,-5.980878366407096,-3.2925444939080637,-6.348332008998667,4.5704917994905525
-6.0292308977486115,-3.129190613795433,-7.255270969559347,5.082461699849244,-5.889390481005882,-3.2156259733458077,-6.623790648157504,3.1081438716014533
-4.756056746818279,-3.398048595858121,-6.788609608007186,5.557807721270159,-6.006275801428203,-3.353865845181479,-6.250929137104729,6.284200867858149
-4.858148821174883,-3.1117295156731157,-0.5935388103598278,3.091576842381397,-6.325976954268518,-3.1673799208567885,-1.2707779044229044,2.1766479225506594
-4.763434745790256,-3.3149051138582046,-1.9499310468944904,3.2541709200367626,-6.322405031281322,-3.2759973573345573,-1.4764464308890695,3.8938397667513405
-5.012188344282275,-3.41899298151617,-5.25784207900581,8.961778861468686,-6.159292460409638,-3.4213645180070986,-5.2867028868025345,8.922789152187647
-5.110997465971038,-3.1538532545350364,-4.786210849371266,9.15932111168063,-5.642344475173386,-3.339586117750229,-7.046481950764312,6.1057517392319225
